{
    "$schema": "https://schema.management.azure.com/schemas/0.1.2-preview/CreateUIDefinition.MultiVm.json#",
    "handler": "Microsoft.Compute.MultiVm",
    "version": "0.1.2-preview",
    "parameters": {
        "basics": [
            {}
        ],
        "steps": [
            {
                "name": "credentialsConfig",
                "label": "VM Credential",
                "subLabel": {
                    "preValidation": "Configure the VM credentials",
                    "postValidation": "Done"
                },
                "bladeTitle": "Credential",
                "elements": [
                    {
                        "name": "adminUsername",
                        "type": "Microsoft.Compute.UserNameTextBox",
                        "label": "User name",
                        "toolTip": "Admin username for the virtual machine",
                        "osPlatform": "Windows",
                        "constraints": {
                            "required": true
                        }
                    },
                    {
                        "name": "adminPassword",
                        "type": "Microsoft.Compute.CredentialsCombo",
                        "label": {
                            "password": "Password",
                            "confirmPassword": "Confirm password"
                        },
                        "toolTip": {
                            "password": "Admin password for the virtual machine"
                        },
                        "osPlatform": "Windows",
                        "constraints": {
                            "required": true
                        }
                    }
                ]
            },
            {
                "name": "vmConfig",
                "label": "Virtual Machine settings",
                "subLabel": {
                    "preValidation": "Configure the virtual machine settings",
                    "postValidation": "Done"
                },
                "bladeTitle": "VM Settings",
                "elements": [
                    {
                        "name": "vmName",
                        "type": "Microsoft.Common.TextBox",
                        "label": "Virtual Machine Name",
                        "toolTip": "Name for the virtual machine",
                        "defaultValue": "",
                        "constraints": {
                            "required": true,
                            "regex": "[a-z][a-z0-9-]{2,12}[a-z0-9]$",
                            "validationMessage": "Must be 3-12 characters."
                        }
                    },
                    {
                        "name": "vmSize",
                        "type": "Microsoft.Compute.SizeSelector",
                        "label": "Virtual machine size",
                        "toolTip": "The size of the virtual machine",
                        "recommendedSizes": [
                            "Standard_D2S_v3"
                        ],
                        "constraints": {
                            "allowedSizes": [
                                "Standard_DS2_v2",
                                "Standard_DS3_v2",
                                "Standard_D2S_v3",
                                "Standard_D4S_v3"
                            ]
                        },
                        "osPlatform": "Windows",
                        "count": 1
                    }
                ]
            },
            {
                "name": "networking",
                "label": "Network settings",
                "subLabel": {
                    "preValidation": "Select the network",
                    "postValidation": "Done"
                },
                "bladeTitle": "Network settings",
                "elements": [
                    {
                        "name": "virtualnetwork",
                        "type": "Microsoft.Network.VirtualNetworkCombo",
                        "label": {
                            "virtualNetwork": "Virtual network",
                            "subnets": "Subnets"
                        },
                        "toolTip": {
                            "virtualNetwork": "",
                            "subnets": ""
                        },
                        "defaultValue": {
                            "name": "",
                            "addressPrefixSize": "/28"
                        },
                        "constraints": {
                            "minAddressPrefixSize": "/28"
                        },
                        "options": {
                            "hideExisting": false
                        },
                        "subnets": {
                            "subnet1": {
                                "label": "Subnet",
                                "defaultValue": {
                                    "name": "subnet",
                                    "addressPrefixSize": "/28"
                                },
                                "constraints": {
                                    "minAddressPrefixSize": "/28",
                                    "minAddressCount": 2,
                                    "requireContiguousAddresses": true
                                }
                            }
                        },
                        "visible": true
                    }
                ]
            }
        ],
        "outputs": {
            "adminUsername": "[steps('credentialsConfig').adminUsername]",
            "adminPassword": "[steps('credentialsConfig').adminPassword.password]",
            "location": "[location()]",
            "subnetName": "[steps('networking').virtualnetwork.subnets.subnet1.name]",
            "vmName": "[steps('vmConfig').vmName]",
            "vmSize": "[steps('vmConfig').vmSize]",
            "vnetName": "[steps('networking').virtualnetwork.name]",
            "vnetResourceGroup": "[steps('networking').virtualnetwork.resourceGroup]"
        }
    }
}