{
    "$schema": "https://schema.management.azure.com/schemas/0.1.2-preview/CreateUIDefinition.MultiVm.json#",
    "handler": "Microsoft.Compute.MultiVm",
    "version": "0.1.2-preview",
    "parameters": {
        "basics": [
            {}
        ],
        "steps": [
            {
                "name": "credentialsConfig",
                "label": "VM Credential",
                "subLabel": {
                    "preValidation": "Configure the VM credentials",
                    "postValidation": "Done"
                },
                "bladeTitle": "Credential",
                "elements": [
                    {
                        "name": "adminUsername",
                        "type": "Microsoft.Compute.UserNameTextBox",
                        "label": "User name",
                        "toolTip": "Admin username for the virtual machine",
                        "osPlatform": "Windows",
                        "constraints": {
                            "required": true
                        }
                    },
                    {
                        "name": "adminPassword",
                        "type": "Microsoft.Compute.CredentialsCombo",
                        "label": {
                            "password": "Password",
                            "confirmPassword": "Confirm password"
                        },
                        "toolTip": {
                            "password": "Admin password for the virtual machine"
                        },
                        "osPlatform": "Windows",
                        "constraints": {
                            "required": true
                        }
                    }
                ]
            },
            {
                "name": "vmConfig",
                "label": "Virtual Machine settings",
                "subLabel": {
                    "preValidation": "Configure the virtual machine settings",
                    "postValidation": "Done"
                },
                "bladeTitle": "VM Settings",
              "elements": [
                {
                  "name": "vmNamePrefix",
                  "type": "Microsoft.Common.TextBox",
                  "label": "Virtual Machine Name Prefix",
                  "toolTip": "Prefix for the virtual machine names",
                  "defaultValue": "",
                  "constraints": {
                    "required": true,
                    "regex": "[a-z][a-z0-9-]{2,8}[a-z0-9]$",
                    "validationMessage": "Must be 3-8 characters."
                  }
                },
                {
                  "name": "vmSize",
                  "type": "Microsoft.Compute.SizeSelector",
                  "label": "Virtual machine size",
                  "toolTip": "The size of the virtual machine",
                  "recommendedSizes": [
                    "Standard_D2S_v3"
                  ],
                  "constraints": {
                    "allowedSizes": [
                      "Standard_DS2_v2",
                      "Standard_DS3_v2",
                      "Standard_D2S_v3",
                      "Standard_D4S_v3"
                    ]
                  },
                  "osPlatform": "Windows",
                  "count": 1
                },
                {
                  "name": "numberWeb",
                  "type": "Microsoft.Common.DropDown",
                  "label": "Number of Web Servers",
                  "defaultValue": "Two",
                  "toolTip": "",
                  "constraints": {
                    "allowedValues": [
                      {
                        "label": "One",
                        "value": 1
                      },
                      {
                        "label": "Two",
                        "value": 2
                      },
                      {
                        "label": "Three",
                        "value": 3
                      },
                      {
                        "label": "Four",
                        "value": 4
                      }
                    ],
                    "required": true
                  },
                  "visible": true
                },
                {
                  "name": "numberApp",
                  "type": "Microsoft.Common.DropDown",
                  "label": "Number of App Servers",
                  "defaultValue": "Two",
                  "toolTip": "",
                  "constraints": {
                    "allowedValues": [
                      {
                        "label": "One",
                        "value": 1
                      },
                      {
                        "label": "Two",
                        "value": 2
                      },
                      {
                        "label": "Three",
                        "value": 3
                      },
                      {
                        "label": "Four",
                        "value": 4
                      }
                    ],
                    "required": true
                  },
                  "visible": true
                }
              ]
            },
            {
                "name": "networking",
                "label": "Network settings",
                "subLabel": {
                    "preValidation": "Select the network",
                    "postValidation": "Done"
                },
                "bladeTitle": "Network settings",
                "elements": [
                    {
                        "name": "virtualnetwork",
                        "type": "Microsoft.Network.VirtualNetworkCombo",
                        "label": {
                            "virtualNetwork": "Virtual network",
                            "subnets": "Subnets"
                        },
                        "toolTip": {
                            "virtualNetwork": "",
                            "subnets": ""
                        },
                        "defaultValue": {
                            "name": "",
                            "addressPrefixSize": "/27"
                        },
                        "constraints": {
                            "minAddressPrefixSize": "/27"
                        },
                        "options": {
                            "hideExisting": false
                        },
                      "subnets": {
                        "subnet1": {
                          "label": "Web Tier Subnet",
                          "defaultValue": {
                            "name": "subnet",
                            "addressPrefixSize": "/27"
                          },
                          "constraints": {
                            "minAddressPrefixSize": "/27",
                            "minAddressCount": 2,
                            "requireContiguousAddresses": true
                          }
                        },
                        "subnet2": {
                          "label": "App Tier Subnet",
                          "defaultValue": {
                            "name": "subnet",
                            "addressPrefixSize": "/27"
                          },
                          "constraints": {
                            "minAddressPrefixSize": "/27",
                            "minAddressCount": 2,
                            "requireContiguousAddresses": true
                          }
                        }
                      },
                        "visible": true
                    }
                ]
            }
        ],
      "outputs": {
        "adminUsername": "[steps('credentialsConfig').adminUsername]",
        "adminPassword": "[steps('credentialsConfig').adminPassword.password]",
        "location": "[location()]",
        "numberWeb": "[steps('vmConfig').numberWeb]",
        "numberApp": "[steps('vmConfig').numberApp]",
        "subnetNameWeb": "[steps('networking').virtualnetwork.subnets.subnet1.name]",
        "subnetNameApp": "[steps('networking').virtualnetwork.subnets.subnet2.name]",
        "vmNamePrefix": "[steps('vmConfig').vmNamePrefix]",
        "vmSize": "[steps('vmConfig').vmSize]",
        "vnetName": "[steps('networking').virtualnetwork.name]",
        "vnetResourceGroup": "[steps('networking').virtualnetwork.resourceGroup]"
      }
    }
}